repertoire,repertoires,,,,,,,,
obtain,obtains,obtained,obtaining,obtainings,,,,,
distribution,distributions,,,,,,,,
parameter,parameters,,,,,,,,
aspect,aspects,,,,,,,,
dynamic,dynamics,,,,,,,,
impact,impacts,impacted,impacting,impactings,,,,,
domain,domains,,,,,,,,
publish,publishes,published,publishing,publishings,,,,,
denote,denotes,denoted,denoting,denotings,,,,,
authority,authorities,,,,,,,,
semantic,semantics,,,,,,,,
par,pars,parred,parring,parrings,,,,,
ion,ions,,,,,,,,
matrix,matrices,matrixes,,,,,,,
linear,linears,,,,,,,,
cognitive,,,,,,,,,
graph,graphs,graphed,graphing,graphings,,,,,
correlation,correlations,,,,,,,,
linguistic,,,,,,,,,
acid,acids,,,,,,,,
induce,induces,induced,inducing,inducings,,,,,
velocity,velocities,,,,,,,,
interval,intervals,,,,,,,,
discourse,discourses,discoursed,discoursing,discoursings,,,,,
finite,,,,,,,,,
stimulus,stimuli,,,,,,,,
vector,vectors,,,,,,,,
electron,electrons,,,,,,,,
receptor,receptors,,,,,,,,
theorem,theorems,,,,,,,,
algorithm,algorithms,,,,,,,,
fluid,fluids,,,,,,,,
developmental,developmentals,,,,,,,,
bound,bounds,bounded,bounding,boundings,,,,,
molecular,moleculars,,,,,,,,
transformation,transformations,,,,,,,,
spatial,spatials,,,,,,,,
coefficient,coefficients,,,,,,,,
translation,translations,,,,,,,,
membrane,membranes,,,,,,,,
neuron,neurons,neurone,neurones,,,,,,
simulation,simulations,,,,,,,,
lexical,lexicals,,,,,,,,
regime,regimes,régime,régimes,,,,,,
variance,variances,,,,,,,,
molecule,molecules,,,,,,,,
marker,markers,,,,,,,,
empirical,empiricals,,,,,,,,
robot,robots,,,,,,,,
statistical,statisticals,,,,,,,,
vowel,vowels,,,,,,,,
equilibrium,,,,,,,,,
intensity,intensities,,,,,,,,
regression,regressions,,,,,,,,
diagnosis,,,,,,,,,
identification,identifications,,,,,,,,
node,nodes,,,,,,,,
candidate,candidates,,,,,,,,
partial,partials,,,,,,,,
correlate,correlates,correlated,correlating,correlatings,,,,,
mortality,mortalities,,,,,,,,
antibody,antibodies,,,,,,,,
temporal,temporals,,,,,,,,
particle,particles,,,,,,,,
duration,durations,,,,,,,,
behavioral,behavioural,,,,,,,,
consumption,consumptions,,,,,,,,
bilingual,bilinguals,,,,,,,,
sensitivity,sensitivities,,,,,,,,
similarity,similarities,,,,,,,,
optimal,optimals,,,,,,,,
explicit,,,,,,,,,
mutation,mutations,,,,,,,,
colonial,colonials,,,,,,,,
phonological,phonologicals,,,,,,,,
spectrum,spectrums,spectra,,,,,,,
nucleus,nuclei,,,,,,,,
onset,onsets,,,,,,,,
integration,integrations,,,,,,,,
dominant,,,,,,,,,
pathway,pathways,,,,,,,,
coordinate,coordinates,coordinated,coordinating,coordinatings,,,,,
calculation,calculations,,,,,,,,
precede,precedes,preceded,preceding,precedings,,,,,
subset,subsets,,,,,,,,
syntactic,syntactics,,,,,,,,
orientation,orientations,,,,,,,,
proposition,propositions,propositioned,propositioning,propositionings,,,,,
inequality,inequalities,,,,,,,,
identical,identicals,,,,,,,,
prevalence,prevalences,,,,,,,,
differential,differentials,,,,,,,,
generalize,generalizes,generalized,generalizing,generalise,generalises,generalised,generalising,generalisings,
beam,beams,beamed,beaming,beamings,,,,,
pulse,pulses,pulsed,pulsing,pulsings,,,,,
norm,norms,,,,,,,,
trait,traits,,,,,,,,
prediction,predictions,,,,,,,,
correspondence,correspondences,,,,,,,,
essentially,,,,,,,,,
syllable,syllables,syllabled,,,,,,,
chromosome,chromosomes,,,,,,,,
infect,infects,infected,infecting,infectings,,,,,
magnetic,magnetics,,,,,,,,
configuration,configurations,,,,,,,,
numerical,numericals,,,,,,,,
namely,,,,,,,,,
intermediate,intermediates,intermediated,intermediating,intermediatings,,,,,
transmission,transmissions,,,,,,,,
dose,doses,dosed,dosing,dosings,,,,,
occurrence,occurrences,,,,,,,,
maternal,maternals,,,,,,,,
axis,,,,,,,,,
rational,rationals,,,,,,,,
locus,locuses,loci,,,,,,,
elite,elites,élite,élites,,,,,,
approximation,approximations,,,,,,,,
thesis,theses,,,,,,,,
sin,sins,sinned,sinning,sinnings,,,,,
classification,classifications,,,,,,,,
threshold,thresholds,,,,,,,,
syndrome,syndromes,,,,,,,,
comparative,comparatives,,,,,,,,
activate,activates,activated,activating,activatings,,,,,
adolescent,adolescents,,,,,,,,
vocabulary,vocabularies,,,,,,,,
encode,encodes,encoded,encoding,encodings,,,,,
utterance,utterances,,,,,,,,
facilitate,facilitates,facilitated,facilitating,facilitatings,,,,,
incidence,incidences,,,,,,,,
induction,inductions,,,,,,,,
trajectory,trajectories,,,,,,,,
manuscript,manuscripts,,,,,,,,
commonly,,,,,,,,,
grammatical,grammaticals,,,,,,,,
accuracy,accuracies,,,,,,,,
adaptation,adaptations,,,,,,,,
amplitude,amplitudes,,,,,,,,
cortex,cortexes,cortices,,,,,,,
minimal,minimals,,,,,,,,
systematic,systematics,,,,,,,,
horizontal,horizontals,,,,,,,,
projection,projections,,,,,,,,
synthesis,syntheses,,,,,,,,
diameter,diameters,,,,,,,,
cone,cones,,,,,,,,
dependence,dependences,,,,,,,,
organism,organisms,,,,,,,,
emergence,emergences,,,,,,,,
overlap,overlaps,overlapped,overlapping,overlappings,,,,,
substitution,substitutions,,,,,,,,
explicitly,,,,,,,,,
evident,evidents,,,,,,,,
conceptual,conceptuals,,,,,,,,
detection,detections,,,,,,,,
interact,interacts,interacted,interacting,interactings,,,,,
neural,neurals,,,,,,,,
chronic,chronics,,,,,,,,
integral,integrals,,,,,,,,
enzyme,enzymes,,,,,,,,
conference,conferences,,,,,,,,
conception,conceptions,,,,,,,,
ex,exes,,,,,,,,
ideology,ideologies,,,,,,,,
sperm,sperms,,,,,,,,
quantitative,,,,,,,,,
sphere,spheres,,,,,,,,
instability,instabilities,,,,,,,,
mediate,mediates,mediated,mediating,mediatings,,,,,
specification,specifications,,,,,,,,
classify,classifies,classified,classifying,classifyings,,,,,
physician,physicians,,,,,,,,
computation,computations,,,,,,,,
oral,orals,,,,,,,,
mid,,,,,,,,,
indicator,indicators,,,,,,,,
variant,variants,,,,,,,,
evolutionary,,,,,,,,,
feedback,feedbacks,,,,,,,,
collective,collectives,,,,,,,,
arbitrary,,,,,,,,,
fraction,fractions,,,,,,,,
estimation,estimations,,,,,,,,
nonlinear,nonlinears,,,,,,,,
compact,compacts,compacted,compacting,compacter,,,,,
deviation,deviations,,,,,,,,
diagram,diagrams,diagrammed,diagramming,diagrammings,,,,,
tropical,tropicals,,,,,,,,
morphology,morphologies,,,,,,,,
thereby,,,,,,,,,
syntax,,,,,,,,,
defect,defects,defected,defecting,defectings,,,,,
separation,separations,,,,,,,,
convergence,convergences,,,,,,,,
sufficiently,,,,,,,,,
valid,,,,,,,,,
interface,interfaces,interfaced,interfacing,interfacings,,,,,
radiation,radiations,,,,,,,,
embed,embeds,embedded,embedding,embeddings,,,,,
vertical,verticals,,,,,,,,
acute,acutest,,,,,,,,
utility,utilities,,,,,,,,
complement,complements,complemented,complementing,complementings,,,,,
leaf,leafs,leafed,leafing,leafings,,,,,
verbal,verbals,,,,,,,,
aggregate,aggregates,aggregated,aggregating,aggregatings,,,,,
equality,equalities,,,,,,,,
corpus,,,,,,,,,
organ,organs,,,,,,,,
gradient,gradients,,,,,,,,
methodology,methodologies,,,,,,,,
entity,entities,,,,,,,,
tumor,tumors,tumour,tumours,,,,,,
fiber,fibers,fibres,fibre,,,,,,
paradigm,paradigms,,,,,,,,
psychology,psychologies,,,,,,,,
infinite,,,,,,,,,
diverse,,,,,,,,,
diagnostic,diagnostics,,,,,,,,
continuity,continuities,,,,,,,,
variability,variabilities,,,,,,,,
outer,outers,,,,,,,,
notation,notations,,,,,,,,
probe,probes,probed,probing,probings,,,,,
migration,migrations,,,,,,,,
mathematical,mathematicals,,,,,,,,
likelihood,likelihoods,,,,,,,,
comparable,comparables,,,,,,,,
magnitude,magnitudes,,,,,,,,
array,arrays,arrayed,arraying,arrayings,,,,,
inclusion,inclusions,,,,,,,,
emission,emissions,,,,,,,,
inference,inferences,,,,,,,,
non,,,,,,,,,
consciousness,consciousnesses,,,,,,,,
simultaneously,,,,,,,,,
disturbance,disturbances,,,,,,,,
hierarchy,hierarchies,,,,,,,,
rotation,rotations,,,,,,,,
periodic,periodics,,,,,,,,
validity,validities,,,,,,,,
archaeology,archaeologies,,,,,,,,
atom,atoms,,,,,,,,
modification,modifications,,,,,,,,
partition,partitions,partitioned,partitioning,partitionings,,,,,
initiate,initiates,initiated,initiating,initiatings,,,,,
autonomy,autonomies,,,,,,,,
inhibit,inhibits,inhibited,inhibiting,inhibitings,,,,,
consonant,consonants,,,,,,,,
biology,biologies,,,,,,,,
scenario,scenarios,,,,,,,,
conditional,conditionals,,,,,,,,
contrary,contraries,,,,,,,,
discrete,,,,,,,,,
classroom,classrooms,,,,,,,,
morphological,morphologicals,,,,,,,,
lateral,laterals,,,,,,,,
injection,injections,,,,,,,,
effectiveness,,,,,,,,,
insect,insects,,,,,,,,
logical,logicals,,,,,,,,
calculus,,,,,,,,,
longitudinal,longitudinals,,,,,,,,
usage,usages,,,,,,,,
neutral,neutrals,,,,,,,,
client,clients,,,,,,,,
marginal,marginals,,,,,,,,
characterization,characterizations,characterisation,characterisations,,,,,,
ethical,ethicals,,,,,,,,
superior,superiors,,,,,,,,
approximate,approximates,approximated,approximating,approximatings,,,,,
composer,composers,,,,,,,,
singular,singulars,,,,,,,,
converge,converges,converged,converging,convergings,,,,,
fetal,foetal,,,,,,,,
comprehension,,,,,,,,,
implicit,,,,,,,,,
span,spans,spanned,spanning,spannings,,,,,
oxygen,oxygens,,,,,,,,
formulation,formulations,,,,,,,,
dialect,dialects,,,,,,,,
colony,colonies,,,,,,,,
immune,,,,,,,,,
loop,loops,looped,looping,loopings,,,,,
algebra,algebras,,,,,,,,
derivative,derivatives,,,,,,,,
appendix,appendices,appendixes,,,,,,,
overview,overviews,overviewed,overviewing,overviewings,,,,,
diffusion,diffusions,,,,,,,,
specimen,specimens,,,,,,,,
assert,asserts,asserted,asserting,assertings,,,,,
widespread,widespreads,,,,,,,,
competence,competences,,,,,,,,
residual,residuals,,,,,,,,
fusion,fusions,,,,,,,,
conservation,conservations,,,,,,,,
constrain,constrains,constrained,constraining,constrainings,,,,,
differentiate,differentiates,differentiated,differentiating,differentiatings,,,,,
virtue,virtues,,,,,,,,
amino,,,,,,,,,
partially,,,,,,,,,
preliminary,preliminaries,,,,,,,,
philosophical,philosophicals,,,,,,,,
pre,,,,,,,,,
transaction,transactions,,,,,,,,
prominent,,,,,,,,,
indigenous,,,,,,,,,
render,renders,rendered,rendering,renderings,,,,,
independently,,,,,,,,,
symbolic,symbolics,,,,,,,,
utilize,utilizes,utilized,utilizing,utilise,utilises,utilised,utilising,utilisings,
physiological,physiologicals,,,,,,,,
indirect,indirects,,,,,,,,
assembly,assemblies,,,,,,,,
calcium,,,,,,,,,
strictly,,,,,,,,,
psychiatric,psychiatrics,,,,,,,,
unity,unities,,,,,,,,
critique,critiques,critiqued,critiquing,critiquings,,,,,
differentiation,differentiations,,,,,,,,
closure,closures,,,,,,,,
minimize,minimizes,minimized,minimizing,minimise,minimises,minimised,minimising,minimisings,
selective,,,,,,,,,
availability,availabilities,,,,,,,,
depict,depicts,depicted,depicting,depictings,,,,,
cue,cues,cued,cueing,cueings,,,,,
parental,parentals,,,,,,,,
ritual,rituals,,,,,,,,
fertility,,,,,,,,,
adjacent,adjacents,,,,,,,,
inhibition,inhibitions,,,,,,,,
observer,observers,,,,,,,,
readily,,,,,,,,,
questionnaire,questionnaires,,,,,,,,
generalization,generalizations,generalisation,generalisations,,,,,,
qualitative,,,,,,,,,
tense,tenses,tensed,tensing,tensings,,,,,
locally,,,,,,,,,
transcription,transcriptions,,,,,,,,
nutrient,nutrients,,,,,,,,
reinforce,reinforces,reinforced,reinforcing,reinforcings,,,,,
simulate,simulates,simulated,simulating,simulatings,,,,,
statistically,,,,,,,,,
dense,denser,densest,,,,,,,
ecology,ecologies,,,,,,,,
null,nulls,nulled,nulling,nullings,,,,,
terminal,terminals,,,,,,,,
informal,informals,,,,,,,,
discharge,discharges,discharged,discharging,dischargings,,,,,
adaptive,adaptives,,,,,,,,
ecological,ecologicals,,,,,,,,
protocol,protocols,,,,,,,,
progressive,,,,,,,,,
aesthetic,aesthetics,esthetic,esthetics,,,,,,
agriculture,agricultures,,,,,,,,
exploit,exploits,exploited,exploiting,exploitings,,,,,
practitioner,practitioners,,,,,,,,
occupation,occupations,,,,,,,,
equivalence,equivalences,,,,,,,,
pragmatic,pragmatics,,,,,,,,
productivity,productivities,,,,,,,,
arrow,arrows,arrowed,arrowing,arrowings,,,,,
reproduce,reproduces,reproduced,reproducing,reproducings,,,,,
commentary,commentaries,,,,,,,,
residue,residues,,,,,,,,
unstable,unstables,,,,,,,,
consensus,,,,,,,,,
simplify,simplifies,simplified,simplifying,simplifyings,,,,,
radius,radii,,,,,,,,
artificial,artificials,,,,,,,,
harvest,harvests,harvested,harvesting,harvestings,,,,,
suicide,suicides,,,,,,,,
pi,,,,,,,,,
monkey,monkeys,monkeyed,monkeying,monkeyings,,,,,
habitat,habitats,,,,,,,,
assignment,assignments,,,,,,,,
replicate,replicates,replicated,replicating,replicatings,,,,,
mechanical,mechanicals,,,,,,,,
disability,disabilities,,,,,,,,
cattle,,,,,,,,,
purely,,,,,,,,,
contradiction,contradictions,,,,,,,,
scatter,scatters,scattered,scattering,scatterings,,,,,
problematic,problematics,,,,,,,,
correction,corrections,,,,,,,,
linguistics,,,,,,,,,
hormone,hormones,,,,,,,,
primitive,primitives,,,,,,,,
ethics,ethic,,,,,,,,
accumulation,accumulations,,,,,,,,
static,statics,,,,,,,,
consent,consents,consented,consenting,consentings,,,,,
substrate,substrates,,,,,,,,
straightforward,,,,,,,,,
discrimination,discriminations,,,,,,,,
separately,,,,,,,,,
randomize,randomizes,randomized,randomizing,randomise,randomises,randomised,randomising,randomisings,
sensory,,,,,,,,,
confine,confines,confined,confining,confinings,,,,,
mineral,minerals,,,,,,,,
peripheral,peripherals,,,,,,,,
spontaneous,,,,,,,,,
reliability,reliabilities,,,,,,,,
clone,clones,cloned,cloning,clonings,,,,,
orient,orients,oriented,orienting,orientings,,,,,
elaborate,elaborates,elaborated,elaborating,elaboratings,,,,,
nominal,nominals,,,,,,,,
insert,inserts,inserted,inserting,insertings,,,,,
reproduction,reproductions,,,,,,,,
dominance,dominances,,,,,,,,
allocation,allocations,,,,,,,,
lung,lungs,,,,,,,,
productive,,,,,,,,,
decay,decays,decayed,decaying,decayings,,,,,
conscious,,,,,,,,,
thickness,thicknesses,,,,,,,,
transmit,transmits,transmitted,transmitting,transmittings,,,,,
conceive,conceives,conceived,conceiving,conceivings,,,,,
offspring,offsprings,,,,,,,,
resemble,resembles,resembled,resembling,resemblings,,,,,
circulation,circulations,,,,,,,,
correctly,,,,,,,,,
necessity,necessities,,,,,,,,
metaphor,metaphors,,,,,,,,
tract,tracts,,,,,,,,
liver,livers,,,,,,,,
subjective,,,,,,,,,
accumulate,accumulates,accumulated,accumulating,accumulatings,,,,,
rejection,rejections,,,,,,,,
maximize,maximizes,maximized,maximizing,maximise,maximises,maximised,maximising,maximisings,
replacement,replacements,,,,,,,,
amongst,,,,,,,,,
complication,complications,,,,,,,,
plural,plurals,,,,,,,,
valve,valves,valved,,,,,,,
absorption,absorptions,,,,,,,,
monetary,,,,,,,,,
thermal,thermals,,,,,,,,
likewise,,,,,,,,,
tolerance,tolerances,,,,,,,,
articulate,articulates,articulated,articulating,articulatings,,,,,
donor,donors,,,,,,,,
flux,fluxes,fluxed,fluxing,fluxings,,,,,
mobility,mobilities,,,,,,,,
manipulation,manipulations,,,,,,,,
elevate,elevates,elevated,elevating,elevatings,,,,,
nationalism,nationalisms,,,,,,,,
analogy,analogies,,,,,,,,
adverse,,,,,,,,,
nitrogen,nitrogens,,,,,,,,
plausible,plausibles,,,,,,,,
vein,veins,veined,veining,veinings,,,,,
controversy,controversies,,,,,,,,
wheat,wheats,,,,,,,,
rewrite,rewrites,rewrote,rewritten,rewrited,rewriting,rewrit,,,
manual,manuals,,,,,,,,
strategic,,,,,,,,,
peasant,peasants,,,,,,,,
absorb,absorbs,absorbed,absorbing,absorbings,,,,,
sketch,sketches,sketched,sketching,sketchings,,,,,
justification,justifications,,,,,,,,
lifetime,lifetimes,,,,,,,,
binary,binarys,binaries,,,,,,,
definite,,,,,,,,,
contour,contours,contoured,contouring,contourings,,,,,
execution,executions,,,,,,,,
rhythm,rhythms,,,,,,,,
ultimate,ultimates,,,,,,,,
dictionary,dictionaries,,,,,,,,
constitution,constitutions,,,,,,,,
acceleration,accelerations,,,,,,,,
undermine,undermines,undermined,undermining,underminings,,,,,
disadvantage,disadvantages,disadvantaged,disadvantaging,disadvantagings,,,,,
myth,myths,,,,,,,,
strand,strands,stranded,stranding,strandings,,,,,
unify,unifies,unified,unifying,unifyings,,,,,
randomly,,,,,,,,,
philosopher,philosophers,,,,,,,,
pronounce,pronounces,pronounced,pronouncing,pronouncings,,,,,
workshop,workshops,,,,,,,,
objection,objections,,,,,,,,
meaningful,,,,,,,,,
wavelength,wavelengths,,,,,,,,
diagnose,diagnoses,diagnosed,diagnosing,diagnosings,,,,,
accent,accents,accented,accenting,accentings,,,,,
realm,realms,,,,,,,,
replication,replications,,,,,,,,
basin,basins,basined,,,,,,,
admission,admissions,,,,,,,,
interestingly,,,,,,,,,
clarify,clarifies,clarified,clarifying,clarifyings,,,,,
grid,grids,,,,,,,,
curriculum,curriculums,curricula,,,,,,,
displacement,displacements,,,,,,,,
coherent,,,,,,,,,
standardize,standardizes,standardized,standardizing,standardise,standardises,standardised,standardising,standardisings,
civilization,civilizations,civilisation,civilisations,,,,,,
positively,,,,,,,,,
bacterial,bacterials,,,,,,,,
deficiency,deficiencies,,,,,,,,
legitimate,legitimates,legitimated,legitimating,legitimatings,,,,,
sophisticate,sophisticated,sophisticating,sophisticates,,,,,,
accelerate,accelerates,accelerated,accelerating,acceleratings,,,,,
exponential,exponentials,,,,,,,,
formally,,,,,,,,,
socially,,,,,,,,,
accurately,,,,,,,,,
influential,influentials,,,,,,,,
progression,progressions,,,,,,,,
essence,essences,,,,,,,,
cylinder,cylinders,,,,,,,,
scholarship,scholarships,,,,,,,,
sodium,sodiums,,,,,,,,
predominantly,,,,,,,,,
impulse,impulses,,,,,,,,
oscillation,oscillations,,,,,,,,
theorist,theorists,,,,,,,,
manipulate,manipulates,manipulated,manipulating,manipulatings,,,,,
alliance,alliances,,,,,,,,
crystal,crystals,,,,,,,,
importantly,,,,,,,,,
stack,stacks,stacked,stacking,stackings,,,,,
drift,drifts,drifted,drifting,driftin,,,,,
nest,nests,nested,nesting,nestings,,,,,
fossil,fossils,,,,,,,,
dimensional,dimensionals,,,,,,,,
resistant,,,,,,,,,
punishment,punishments,,,,,,,,
rhetoric,rhetorics,,,,,,,,
artifact,artifacts,artefact,artefacts,,,,,,
carrier,carriers,,,,,,,,
surgical,surgicals,,,,,,,,
coordination,coordinations,,,,,,,,
turbulent,,,,,,,,,
quantum,,,,,,,,,
sediment,sediments,sedimented,sedimenting,sedimentings,,,,,
ray,rays,rayed,raying,rayings,,,,,
conserve,conserves,conserved,conserving,conservings,,,,,
primer,primers,,,,,,,,
grasp,grasps,grasped,grasping,graspings,,,,,
bulk,bulks,bulked,bulking,bulkings,,,,,
terminology,terminologies,,,,,,,,
vegetation,,,,,,,,,
triangle,triangles,,,,,,,,
traditionally,,,,,,,,,
execute,executes,executed,executing,executings,,,,,
intensive,,,,,,,,,
reconstruct,reconstructs,reconstructed,reconstructing,reconstructings,,,,,
broadly,,,,,,,,,
metabolism,metabolisms,,,,,,,,
revolutionary,revolutionaries,,,,,,,,
merge,merges,merged,merging,mergings,,,,,
dilemma,dilemmas,,,,,,,,
motif,motifs,,,,,,,,
motive,motives,,,,,,,,
subtle,subtler,subtlest,,,,,,,
clinic,clinics,,,,,,,,
allocate,allocates,allocated,allocating,allocatings,,,,,
hydrogen,hydrogens,,,,,,,,
dissertation,dissertations,,,,,,,,
susceptible,susceptibles,,,,,,,,
architect,architects,architected,architecting,architectings,,,,,
coronary,,,,,,,,,
breakdown,breakdowns,,,,,,,,
inject,injects,injected,injecting,injectings,,,,,
economist,economists,,,,,,,,
momentum,momentums,momenta,,,,,,,
polar,polars,,,,,,,,
backward,backwards,,,,,,,,
multiply,multiplies,multiplied,multiplying,multiplyings,,,,,
morality,moralities,,,,,,,,
communicative,,,,,,,,,
physically,,,,,,,,,
rainfall,rainfalls,,,,,,,,
politically,,,,,,,,,
invasion,invasions,,,,,,,,
inevitably,,,,,,,,,
capitalism,capitalisms,,,,,,,,
expertise,expertises,,,,,,,,
inferior,inferiors,,,,,,,,
actively,,,,,,,,,
quotation,quotations,,,,,,,,
composite,,,,,,,,,
historically,,,,,,,,,
textbook,textbooks,,,,,,,,
bundle,bundles,bundled,bundling,bundlings,,,,,
elementary,,,,,,,,,
capitalist,capitalists,,,,,,,,
flexibility,flexibilities,,,,,,,,
cord,cords,corded,cording,cordings,,,,,
initiation,initiations,,,,,,,,
realistic,realistics,,,,,,,,
horizon,horizons,,,,,,,,
consultation,consultations,,,,,,,,
ruler,rulers,,,,,,,,
freely,,,,,,,,,
rotate,rotates,rotated,rotating,rotatings,,,,,
commodity,commodities,,,,,,,,
elevation,elevations,,,,,,,,
intervene,intervenes,intervened,intervening,intervenings,,,,,
compensate,compensates,compensated,compensating,compensatings,,,,,
atomic,atomics,,,,,,,,
trivial,trivials,,,,,,,,
stance,stances,stanced,stancing,stancings,,,,,
stabilize,stabilizes,stabilized,stabilizing,stabilizings,stabilise,stabilises,stabilised,stabilising,stabilisings
profound,profounder,profoundest,,,,,,,
whereby,,,,,,,,,
ancestor,ancestors,,,,,,,,
genetics,,,,,,,,,
proton,protons,,,,,,,,
phosphate,phosphates,,,,,,,,
gravity,gravities,,,,,,,,
pole,poles,poled,poling,polings,,,,,
puzzle,puzzles,puzzled,puzzling,puzzlings,,,,,
respiratory,,,,,,,,,
elimination,eliminations,,,,,,,,
exit,exits,exited,exiting,exitings,,,,,
corruption,corruptions,,,,,,,,
circulate,circulates,circulated,circulating,circulatings,,,,,
obscure,obscures,obscured,obscuring,obscurings,,,,,
contradict,contradicts,contradicted,contradicting,contradictings,,,,,
interfere,interferes,interfered,interfering,interferings,,,,,
trauma,traumas,,,,,,,,
upward,upwards,,,,,,,,
gross,grosses,grossed,grossing,grosser,grossest,,,,
optical,opticals,,,,,,,,
communist,communists,,,,,,,,
continent,continents,,,,,,,,
physics,,,,,,,,,
viable,viables,,,,,,,,
limb,limbs,limbed,,,,,,,
retrieve,retrieves,retrieved,retrieving,retrievings,,,,,
presume,presumes,presumed,presuming,presumings,,,,,
rationality,rationalities,,,,,,,,
stereotype,stereotypes,stereotyped,stereotyping,stereotypings,,,,,
slavery,,,,,,,,,
artistic,artistics,,,,,,,,
anthropology,anthropologies,,,,,,,,
faculty,faculties,,,,,,,,
antibiotic,antibiotics,,,,,,,,
portray,portrays,portrayed,portraying,portrayings,,,,,
chemistry,chemistries,,,,,,,,
sexuality,sexualities,,,,,,,,
axiom,axioms,,,,,,,,
pest,pests,,,,,,,,
fracture,fractures,fractured,fracturing,fracturings,,,,,
transplant,transplants,transplanted,transplanting,transplantings,,,,,
goods,,,,,,,,,
shortly,,,,,,,,,
epidemic,epidemics,,,,,,,,
inversion,inversions,,,,,,,,
irrelevant,,,,,,,,,
mechanic,mechanics,,,,,,,,
epidemiology,epidemiologies,,,,,,,,
dissolve,dissolves,dissolved,dissolving,dissolvings,,,,,
fatigue,fatigues,fatigued,fatiguing,fatiguings,,,,,
nonetheless,,,,,,,,,
bargain,bargains,bargained,bargaining,bargainings,,,,,
infectious,,,,,,,,,
individually,,,,,,,,,
psychologist,psychologists,,,,,,,,
trans,,,,,,,,,
irrigation,irrigations,,,,,,,,
diary,diaries,,,,,,,,
treaty,treaties,,,,,,,,
rehabilitation,rehabilitations,,,,,,,,
illusion,illusions,,,,,,,,
bat,bats,batted,batting,battings,,,,,
optimum,,,,,,,,,
fever,fevers,fevered,,,,,,,
paradox,paradoxes,,,,,,,,
kidney,kidneys,,,,,,,,
predator,predators,,,,,,,,
migrate,migrates,migrated,migrating,migratings,,,,,
infinity,infinities,infinitys,,,,,,,
shallow,shallows,shallowed,shallowing,shallower,shallowest,,,,
fundamentally,,,,,,,,,
synthetic,synthetics,,,,,,,,
solar,solars,,,,,,,,
hepatitis,,,,,,,,,
ton,tons,,,,,,,,
bubble,bubbles,bubbled,bubbling,bubblings,,,,,
bracket,brackets,bracketed,bracketted,,,,,,
elasticity,elasticities,,,,,,,,
cure,cures,cured,curing,curings,,,,,
contradictory,,,,,,,,,
sensation,sensations,,,,,,,,
sustainable,sustainables,,,,,,,,
elastic,elastics,,,,,,,,
machinery,machineries,,,,,,,,
dictate,dictates,dictated,dictating,dictatings,,,,,
vitamin,vitamins,,,,,,,,
incline,inclines,inclined,inclining,inclinings,,,,,
leisure,leisures,,,,,,,,
enforcement,enforcements,,,,,,,,
cyclic,cyclics,,,,,,,,
prey,preys,preyed,preying,preyings,,,,,
clue,clues,clued,cluing,cluings,,,,,
friction,frictions,,,,,,,,
parenthesis,parentheses,,,,,,,,
noble,nobles,nobler,noblest,,,,,,
potassium,,,,,,,,,
reactive,,,,,,,,,
genetically,,,,,,,,,
bacteria,,,,,,,,,
wisdom,wisdoms,,,,,,,,
crude,cruder,crudest,,,,,,,
realism,realisms,,,,,,,,
deliberately,,,,,,,,,
chemotherapy,chemotherapies,,,,,,,,
surplus,surpluses,,,,,,,,
capillary,capillaries,,,,,,,,
directive,directives,,,,,,,,
globalization,globalizations,globalisation,globalisations,,,,,,
alien,aliens,,,,,,,,
portfolio,portfolios,,,,,,,,
monopoly,monopolies,,,,,,,,
lifestyle,lifestyles,,,,,,,,
invert,inverts,inverted,inverting,invertings,,,,,
thread,threads,threaded,threading,threadings,,,,,
clay,clays,,,,,,,,
dye,dyes,dyed,dyeing,dyeings,,,,,
transcribe,transcribes,transcribed,transcribing,transcribings,,,,,
dilute,dilutes,diluted,diluting,dilutings,,,,,
tribe,tribes,,,,,,,,
damp,damps,damped,damping,dampings,dampest,,,,
economically,,,,,,,,,
critically,,,,,,,,,
secrete,secretes,secreted,secreting,secretings,,,,,
hip,hips,hipped,,,,,,,
plantation,plantations,,,,,,,,
prejudice,prejudices,prejudiced,prejudicing,prejudicings,,,,,
onwards,,,,,,,,,
anti,antis,,,,,,,,
helix,helixes,helices,,,,,,,
interrupt,interrupts,interrupted,interrupting,interruptings,,,,,
domination,dominations,,,,,,,,
undergraduate,undergraduates,,,,,,,,
soluble,solubles,,,,,,,,
innate,,,,,,,,,
dioxide,dioxides,,,,,,,,
goat,goats,,,,,,,,
emit,emits,emitted,emitting,emittings,,,,,
confound,confounds,confounded,confounding,confoundings,,,,,
competent,,,,,,,,,
degrade,degrades,degraded,degrading,degradings,,,,,
layout,layouts,,,,,,,,
fabric,fabrics,,,,,,,,
container,containers,,,,,,,,
fungus,fungi,,,,,,,,
reservoir,reservoirs,,,,,,,,
footnote,footnotes,footnoted,footnoting,footnotings,,,,,
bodily,,,,,,,,,
niche,niché,niches,nichés,,,,,,
vague,,,,,,,,,
affirm,affirms,affirmed,affirming,affirmings,,,,,
urine,,,,,,,,,
afterward,afterwards,,,,,,,,
jazz,jazzes,jazzed,jazzing,jazzings,,,,,
antiquity,antiquities,,,,,,,,
unemployed,,,,,,,,,
toxic,toxics,,,,,,,,
yeast,yeasts,,,,,,,,
punish,punishes,punished,punishing,punishings,,,,,
forum,forums,fora,,,,,,,
bleed,bleeds,bled,bleeding,bleedin,,,,,
overhead,overheads,,,,,,,,
republic,republics,,,,,,,,
processor,processors,,,,,,,,
goodness,,,,,,,,,
audit,audits,audited,auditing,auditings,,,,,
comply,complies,complied,complying,complyings,,,,,
legend,legends,,,,,,,,
slot,slots,slotted,slotting,slottings,,,,,
drain,drains,drained,draining,drainings,,,,,
abdominal,abdominals,,,,,,,,
media,,,,,,,,,
tempt,tempts,tempted,tempting,temptings,,,,,
outlet,outlets,,,,,,,,
precipitation,precipitations,,,,,,,,
founds,founded,founding,foundings,,,,,,
invade,invades,invaded,invading,invadings,,,,,
interviewer,interviewers,,,,,,,,
apple,apples,,,,,,,,
planner,planners,,,,,,,,
supposedly,,,,,,,,,
gut,guts,gutted,gutting,guttings,,,,,
swell,swells,swelled,swelling,swollen,,,,,
emperor,emperors,,,,,,,,
altitude,altitudes,,,,,,,,
gauge,gauges,gauged,gauging,gaugings,gage,gages,gaged,gaging,gagings
transparency,transparencies,,,,,,,,
sub,subs,subbed,subbing,subbings,,,,,
blank,blanks,blanked,blanking,blanker,,,,,
chloride,chlorides,,,,,,,,
sensible,sensibles,,,,,,,,
weave,weaves,wove,weaving,woven,weaved,weavings,,,
destination,destinations,,,,,,,,
precipitate,precipitates,precipitated,precipitating,precipitatings,,,,,
painful,,,,,,,,,
industrialization,industrializations,industrialisation,industrialisations,,,,,,
lab,labs,,,,,,,,
seminar,seminars,,,,,,,,
minus,minuses,,,,,,,,
conduction,,,,,,,,,
audio,,,,,,,,,
subtract,subtracts,subtracted,subtracting,subtractings,,,,,
facet,facets,faceted,faceting,facetings,,,,,
splice,splices,spliced,splicing,splicings,,,,,
incumbent,incumbents,,,,,,,,
biodiversity,,,,,,,,,
chunk,chunks,chunked,chunking,chunkings,,,,,
credibility,,,,,,,,,
tutor,tutors,tutored,tutoring,tutorings,,,,,
super,supers,,,,,,,,
fin,fins,finned,finning,finnings,,,,,
aluminum,aluminium,,,,,,,,
gram,grams,,,,,,,,
liable,liables,,,,,,,,
marble,marbles,marbled,,,,,,,
pesticide,pesticides,,,,,,,,
technically,,,,,,,,,
criteria,,,,,,,,,
fringe,fringes,fringed,fringing,fringings,,,,,
messenger,messengers,,,,,,,,
biologist,biologists,,,,,,,,
connotation,connotations,,,,,,,,
delta,deltas,,,,,,,,
tremendous,,,,,,,,,
snake,snakes,snaked,snaking,snakings,,,,,
flesh,fleshes,fleshed,fleshing,fleshings,,,,,
ghost,ghosts,ghosted,ghosting,ghostings,,,,,
marrow,marrows,,,,,,,,
surgeon,surgeons,,,,,,,,
instinct,instincts,,,,,,,,
industrialize,industrializes,industrialized,industrializing,industrialise,industrialises,industrialised,industrialising,industrialisings,
denominator,denominators,,,,,,,,
stripe,stripes,striped,striping,stripings,,,,,
junior,juniors,,,,,,,,
solvent,solvents,,,,,,,,
kilometer,kilometers,kilometres,kilometre,,,,,,
slab,slabs,slabed,slabing,slabings,,,,,
click,clicks,clicked,clicking,clickings,,,,,
hedge,hedges,hedged,hedging,hedgings,,,,,
spray,sprays,sprayed,spraying,sprayings,,,,,
cinema,cinemas,,,,,,,,
plug,plugs,plugged,plugging,pluggings,,,,,
naked,,,,,,,,,
indifference,indifferences,,,,,,,,
erase,erases,erased,erasing,erasings,,,,,
powder,powders,powdered,powdering,powderings,,,,,
micro,,,,,,,,,
clip,clips,clipped,clipping,clippings,,,,,
solute,solutes,,,,,,,,
dissection,dissections,,,,,,,,
censor,censors,censored,censoring,censorings,,,,,
portrayal,portrayals,,,,,,,,
statistics,,,,,,,,,
thumb,thumbs,thumbed,thumbing,thumbings,,,,,
acidic,acidics,,,,,,,,
uplift,uplifts,uplifted,uplifting,upliftings,,,,,
flip,flips,flipped,flipping,flippings,,,,,
congruent,,,,,,,,,
parcel,parcels,parceled,parceling,parcelings,parcelled,parcelling,parcellings,,
lecturer,lecturers,,,,,,,,
skip,skips,skipped,skipping,skippings,,,,,
poster,posters,,,,,,,,
sword,swords,sworded,swording,swordings,,,,,
photographic,photographics,,,,,,,,
auction,auctions,auctioned,auctioning,auctionings,,,,,
barrel,barrels,barrelled,barrelling,barrellings,barreled,barreling,barrelings,,
mentor,mentors,mentored,mentoring,mentorings,,,,,
nicely,,,,,,,,,
lump,lumps,lumped,lumping,lumpings,,,,,
quiz,quizs,quizzes,quizzed,quizzing,quizzings,,,,
watershed,watersheds,,,,,,,,
liter,liters,litres,litre,,,,,,
oxidize,oxidizes,oxidized,oxidizing,oxidizings,oxidise,oxidises,oxidised,oxidising,oxidisings
mercury,,,,,,,,,
noisy,noisier,noisiest,,,,,,,
headquarter,headquarters,headquartered,headquartering,headquarterings,,,,,
phenomenal,phenomenals,,,,,,,,
multinational,multinationals,,,,,,,,
comma,commas,,,,,,,,
bizarre,,,,,,,,,
specialty,specialties,speciality,specialities,,,,,,
socialize,socializes,socialized,socializing,socialise,socialises,socialised,socialising,socialisings,
enormously,,,,,,,,,
novice,novices,,,,,,,,
rope,ropes,roped,roping,ropings,,,,,
campus,campuses,,,,,,,,
clever,cleverer,cleverest,,,,,,,
mole,moles,,,,,,,,
sometime,,,,,,,,,
bucket,buckets,,,,,,,,
swap,swaps,swapped,swapping,swappings,,,,,
recipe,recipes,,,,,,,,
airplane,airplanes,aeroplane,aeroplanes,,,,,,
deflection,deflections,,,,,,,,
deceive,deceives,deceived,deceiving,deceivings,,,,,
syllabus,syllabi,syllabuses,,,,,,,
neat,neater,neatest,,,,,,,
factorial,factorials,,,,,,,,
lever,levers,levered,levering,leverings,,,,,
descriptor,descriptors,,,,,,,,
semester,semesters,,,,,,,,
underneath,,,,,,,,,
reactor,reactors,,,,,,,,
herbicide,herbicides,,,,,,,,
bonus,bonuses,,,,,,,,
cheat,cheats,cheated,cheating,cheatings,,,,,
missile,missiles,,,,,,,,
rub,rubs,rubbed,rubbing,rubbings,,,,,
radar,radars,,,,,,,,
memorize,memorizes,memorized,memorizing,memorise,memorises,memorised,memorising,memorisings,
scripture,scriptures,,,,,,,,
whoever,whoevers,,,,,,,,
whichever,whichevers,,,,,,,,
bullet,bullets,,,,,,,,
punch,punches,punched,punching,punchings,,,,,
postgraduate,postgraduates,,,,,,,,
artwork,artworks,,,,,,,,
pardon,pardons,pardoned,pardoning,pardonings,,,,,
millimeter,millimeters,millimetres,millimetre,,,,,,
incredible,incredibles,,,,,,,,
halfway,halfways,,,,,,,,
deadline,deadlines,,,,,,,,
bang,bangs,banged,banging,bangings,,,,,
semi,,,,,,,,,
slash,slashes,slashed,slashing,slashings,,,,,
ridiculous,,,,,,,,,
homework,homeworks,,,,,,,,
multi,,,,,,,,,
volition,volitions,,,,,,,,
tricky,trickier,trickiest,,,,,,,
cheer,cheers,cheered,cheering,cheerings,,,,,
shuttle,shuttles,shuttled,shuttling,shuttlings,,,,,
aerosol,aerosols,,,,,,,,
athletic,athletics,,,,,,,,
chess,,,,,,,,,
terribly,,,,,,,,,
unintelligible,unintelligibles,,,,,,,,
circa,,,,,,,,,
scroll,scrolls,scrolled,scrolling,scrollings,,,,,
sponsorship,sponsorships,,,,,,,,
connector,connectors,,,,,,,,
nasty,nastier,nastiest,,,,,,,
incredibly,,,,,,,,,
neo,,,,,,,,,
entrant,entrants,,,,,,,,
hawk,hawks,hawked,hawking,hawkings,,,,,
handout,handouts,,,,,,,,
tech,techs,,,,,,,,
rack,racks,racked,racking,rackings,,,,,
applause,,,,,,,,,
demonstrator,demonstrators,,,,,,,,
calculator,calculators,,,,,,,,
mall,malls,,,,,,,,
sneeze,sneezes,sneezed,sneezing,sneezings,,,,,
sniff,sniffs,sniffed,sniffing,sniffings,,,,,
stadium,stadiums,,,,,,,,
descendent,descendents,,,,,,,,